flightName,departure,origin,destination,date,time,returnFlight
PIA,PIA,PIA,PIA,PIA,PIA,PIA
PIA,PIA,PIA,PIA,PIA,PIA,PIA
PIA,PIA,PIA,PIA,PIA,PIA,PIA
PIA,PIA,PIA,PIA,PIA,PIA,PIA
PIA,PIA,PIA,PIA,PIA,PIA,PIA
PIA,PIA,PIA,PIA,PIA,PIA,PIA
PIA,PIA,PIA,PIA,PIA,PIA,PIA
PIA,PIA,PIA,PIA,PIA,PIA,PIA
PIA,PIA,PIA,PIA,PIA,PIA,PIA
PIA,PIA,PIA,PIA,PIA,PIA,PIA
PIA,PIA,PIA,PIA,PIA,PIA,PIA
PIA,PIA,PIA,PIA,PIA,PIA,PIA
PIA,PIA,PIA,PIA,PIA,PIA,PIA
PIA,PIA,PIA,PIA,PIA,PIA,PIA
PIA,PIA,PIA,PIA,PIA,PIA,PIA
PIA,PIA,PIA,PIA,PIA,PIA,PIA
